Data;N¤ Ordem de Venda (OV);Cµd. Produto (SKU);Quantidade Solicitada;Quantidade Vendida;Valor Total (R$)
01/01/2022;143202;AC-12949;7;6;16.740,00
01/01/2022;143207;AC-12949;10;10;27.900,00
01/12/2022;143187;AC-12950;6;6;18.966,00
01/12/2022;143153;AC-12950;7;6;18.966,00
01/12/2022;143205;AC-12950;9;8;25.288,00
01/12/2022;143198;AC-12951;1;1;3.950,00
01/12/2022;143162;AC-12974;2;2;368
01/12/2022;143201;AC-12974;3;3;552
01/12/2022;143155;AC-12974;4;4;736
01/12/2022;143200;AC-12974;19;18;3.312,00
01/12/2022;143186;AC-12977;2;2;3.358,00
01/12/2022;143226;AC-12977;2;2;3.358,00
01/12/2022;143230;AC-12977;2;2;3.358,00
01/12/2022;143210;AC-12977;3;3;5.037,00
01/12/2022;143159;AC-12978;6;6;5.226,00
01/12/2022;143197;AC-12979;1;1;1.196,00
01/12/2022;143154;AC-12979;3;2;2.392,00
01/12/2022;143219;AC-12979;3;2;2.392,00
01/12/2022;143189;AC-12979;5;5;5.980,00
01/12/2022;143156;AP-12964;1;1;750
01/12/2022;143192;AP-12964;2;2;1.500,00
01/12/2022;143203;AP-12966;4;4;35.276,00
01/12/2022;143161;DE-12954;9;8;24.544,00
01/12/2022;143176;DE-12954;13;12;36.816,00
01/12/2022;143169;DE-12954;27;25;76.700,00
01/12/2022;143196;DE-12955;2;2;9.170,00
01/12/2022;143185;DE-12956;1;1;3.998,00
01/12/2022;143220;DE-12956;2;2;7.996,00
01/12/2022;143231;DE-12956;2;2;7.996,00
01/12/2022;143206;DE-12958;2;2;11.000,00
01/12/2022;143208;DE-12967;10;10;960
01/12/2022;143174;DE-12967;13;12;1.152,00
01/12/2022;143168;DE-12967;15;14;1.344,00
01/12/2022;143179;DE-12967;17;16;1.536,00
01/12/2022;143222;DE-12968;5;5;525
01/12/2022;143218;DE-12968;10;9;945
01/12/2022;143190;DE-12968;11;10;1.050,00
01/12/2022;143178;DE-12968;17;16;1.680,00
01/12/2022;143182;DE-12969;7;6;1.380,00
01/12/2022;143214;DE-12970;5;5;770
01/12/2022;143209;DE-12970;14;13;2.002,00
01/12/2022;143228;DE-12971;3;2;198
01/12/2022;143157;DE-12971;10;10;990
01/12/2022;143229;DE-12972;2;2;1.938,00
01/12/2022;143170;DE-12972;3;2;1.938,00
01/12/2022;143171;DE-12973;6;6;804
01/12/2022;143160;DE-12973;14;13;1.742,00
01/12/2022;143216;DE-12973;18;17;2.278,00
01/12/2022;143213;DE-12980;5;5;8.965,00
01/12/2022;143211;DE-12981;6;6;18.264,00
01/12/2022;143177;DE-12982;2;2;3.974,00
01/12/2022;143167;DE-12982;5;5;9.935,00
01/12/2022;143188;DE-12982;5;5;9.935,00
01/12/2022;143227;DE-12982;5;5;9.935,00
01/12/2022;143173;DE-12982;6;6;11.922,00
01/12/2022;143224;DE-12982;7;6;11.922,00
01/12/2022;143165;DE-12982;9;8;15.896,00
01/12/2022;143183;DE-12982;12;11;21.857,00
01/12/2022;143221;LE-12959;2;2;5.392,00
01/12/2022;143166;LE-12959;5;5;13.480,00
01/12/2022;143191;SA-12961;4;4;6.000,00
01/12/2022;143164;SA-12961;5;5;7.500,00
01/12/2022;143223;SA-12962;5;5;13.945,00
01/12/2022;143175;SA-12962;6;6;16.734,00
01/12/2022;143180;SA-12962;9;8;22.312,00
01/12/2022;143172;SA-12962;11;10;27.890,00
01/12/2022;143199;SA-12962;17;16;44.624,00
01/12/2022;143225;SA-12962;27;25;69.725,00
01/12/2022;143181;SA-12963;1;1;2.000,00
01/12/2022;143217;SA-12963;1;1;2.000,00
01/12/2022;143195;SA-12963;2;2;4.000,00
01/12/2022;143212;SA-12963;2;2;4.000,00
01/12/2022;143158;SA-12963;3;3;6.000,00
01/12/2022;143163;SA-12983;2;2;2.096,00
01/12/2022;143194;SA-12983;2;2;2.096,00
01/12/2022;143204;SA-12983;2;2;2.096,00
01/12/2022;143184;SA-12983;8;7;7.336,00
01/12/2022;143193;SA-12984;1;1;2.112,00
01/12/2022;143215;SA-12984;6;6;12.672,00
02/12/2022;143302;AC-12949;2;2;5.580,00
02/12/2022;143275;AC-12949;3;2;5.580,00
02/12/2022;143264;AC-12950;10;10;31.610,00
02/12/2022;143284;AC-12951;1;1;3.950,00
02/12/2022;143248;AC-12951;3;2;7.900,00
02/12/2022;143263;AC-12952;2;2;9.850,00
02/12/2022;143240;AC-12952;3;2;9.850,00
02/12/2022;143319;AC-12974;10;9;1.656,00
02/12/2022;143257;AC-12975;11;10;2.100,00
02/12/2022;143321;AC-12975;17;15;3.150,00
02/12/2022;143273;AC-12975;18;17;3.570,00
02/12/2022;143288;AC-12977;3;3;5.037,00
02/12/2022;143270;AC-12978;3;3;2.613,00
02/12/2022;143290;AC-12978;3;3;2.613,00
02/12/2022;143234;AC-12978;7;6;5.226,00
02/12/2022;143316;AC-12978;8;7;6.097,00
02/12/2022;143307;AC-12979;8;7;8.372,00
02/12/2022;143289;AP-12964;1;1;750
02/12/2022;143274;AP-12964;2;2;1.500,00
02/12/2022;143324;AP-12964;2;2;1.500,00
02/12/2022;143266;AP-12964;3;2;1.500,00
02/12/2022;143300;AP-12966;1;1;8.819,00
02/12/2022;143232;AP-12966;2;2;17.638,00
02/12/2022;143296;AP-12966;2;2;17.638,00
02/01/2022;143299;AP-12966;2;2;17.638,00
02/01/2022;143276;AP-12966;4;4;35.276,00
02/01/2022;143304;DE-12953;1;1;9.920,00
02/01/2022;143313;DE-12953;2;2;19.840,00
02/01/2022;143256;DE-12953;3;2;19.840,00
02/01/2022;143260;DE-12954;3;3;9.204,00
02/01/2022;143253;DE-12954;7;6;18.408,00
02/01/2022;143294;DE-12954;8;7;21.476,00
02/01/2022;143285;DE-12954;9;8;24.544,00
02/01/2022;143283;DE-12954;15;14;42.952,00
02/01/2022;143271;DE-12954;17;15;46.020,00
02/01/2022;143298;DE-12954;18;17;52.156,00
02/01/2022;143317;DE-12955;3;3;13.755,00
02/01/2022;143318;DE-12955;8;7;32.095,00
02/01/2022;143254;DE-12956;1;1;3.998,00
02/01/2022;143258;DE-12967;8;7;672
02/01/2022;143292;DE-12967;10;9;864
02/01/2022;143236;DE-12967;11;10;960
02/01/2022;143251;DE-12967;11;10;960
02/01/2022;143265;DE-12967;13;12;1.152,00
02/01/2022;143291;DE-12967;17;15;1.440,00
02/01/2022;143310;DE-12967;18;17;1.632,00
02/01/2022;143269;DE-12968;9;8;840
02/01/2022;143235;DE-12968;15;14;1.470,00
02/01/2022;143245;DE-12968;22;20;2.100,00
02/01/2022;143244;DE-12969;5;5;1.150,00
02/01/2022;143246;DE-12970;1;1;154
02/01/2022;143303;DE-12970;10;10;1.540,00
02/01/2022;143314;DE-12971;9;8;792
02/01/2022;143286;DE-12972;3;2;1.938,00
02/01/2022;143277;DE-12973;2;2;268
02/01/2022;143272;DE-12973;7;6;804
02/01/2022;143247;DE-12973;9;8;1.072,00
02/01/2022;143241;DE-12973;10;9;1.206,00
02/01/2022;143287;DE-12973;10;10;1.340,00
02/01/2022;143308;DE-12973;16;14;1.876,00
02/01/2022;143250;DE-12980;6;6;10.758,00
02/01/2022;143323;DE-12980;8;7;12.551,00
02/01/2022;143239;DE-12981;1;1;3.044,00
02/01/2022;143309;DE-12981;2;2;6.088,00
02/01/2022;143320;DE-12981;3;3;9.132,00
02/01/2022;143279;DE-12981;5;5;15.220,00
02/01/2022;143255;DE-12981;7;6;18.264,00
02/01/2022;143261;DE-12982;2;2;3.974,00
02/01/2022;143238;DE-12982;4;4;7.948,00
02/01/2022;143315;DE-12982;5;5;9.935,00
02/01/2022;143252;DE-12982;8;7;13.909,00
02/01/2022;143249;DE-12982;14;0;0
02/01/2022;143295;LE-12959;1;1;2.696,00
02/01/2022;143311;LE-12959;1;1;2.696,00
02/01/2022;143237;LE-12959;5;5;13.480,00
02/01/2022;143282;LE-12959;7;6;16.176,00
02/01/2022;143243;SA-12962;3;3;8.367,00
02/01/2022;143278;SA-12962;3;3;8.367,00
02/01/2022;143312;SA-12962;8;7;19.523,00
02/01/2022;143280;SA-12962;10;10;27.890,00
02/01/2022;143305;SA-12962;12;11;30.679,00
02/01/2022;143268;SA-12962;13;12;33.468,00
02/01/2022;143322;SA-12962;13;12;33.468,00
02/01/2022;143301;SA-12962;19;18;50.202,00
02/01/2022;143297;SA-12962;24;22;61.358,00
02/01/2022;143259;SA-12962;25;23;64.147,00
02/01/2022;143233;SA-12963;2;2;4.000,00
02/01/2022;143306;SA-12963;3;2;4.000,00
02/01/2022;143262;SA-12963;3;3;6.000,00
02/01/2022;143242;SA-12983;3;3;3.144,00
02/01/2022;143293;SA-12983;3;3;3.144,00
02/01/2022;143267;SA-12984;2;2;4.224,00
02/01/2022;143281;SA-12984;3;3;6.336,00
03/01/2022;143368;AC-12949;6;6;16.740,00
03/01/2022;143351;AC-12950;8;7;22.127,00
03/01/2022;143365;AC-12951;3;2;7.900,00
03/01/2022;143405;AC-12952;4;4;19.700,00
03/01/2022;143391;AC-12974;10;10;1.840,00
03/01/2022;143374;AC-12974;17;16;2.944,00
03/01/2022;143328;AC-12974;19;18;3.312,00
03/01/2022;143354;AC-12975;17;15;3.150,00
03/01/2022;143370;AC-12976;2;2;514
03/01/2022;143337;AC-12977;1;1;1.679,00
03/01/2022;143336;AC-12977;2;2;3.358,00
03/01/2022;143369;AC-12977;2;2;3.358,00
03/01/2022;143353;AC-12978;1;1;871
03/01/2022;143406;AC-12978;3;0;0
03/01/2022;143332;AC-12978;3;3;2.613,00
03/01/2022;143358;AC-12978;6;6;5.226,00
03/01/2022;143348;AC-12978;7;6;5.226,00
03/01/2022;143392;AC-12979;2;2;2.392,00
03/01/2022;143347;AC-12979;3;2;2.392,00
03/01/2022;143366;AP-12966;7;6;52.914,00
03/01/2022;143400;AP-12966;7;6;52.914,00
03/01/2022;143384;AP-12966;8;7;61.733,00
03/01/2022;143343;DE-12954;6;6;18.408,00
03/01/2022;143399;DE-12954;8;7;21.476,00
03/01/2022;143359;DE-12954;10;9;27.612,00
03/01/2022;143329;DE-12954;20;18;55.224,00
03/01/2022;143395;DE-12954;26;24;73.632,00
03/01/2022;143346;DE-12955;2;2;9.170,00
03/01/2022;143376;DE-12955;2;2;9.170,00
03/01/2022;143331;DE-12956;3;2;7.996,00
03/01/2022;143335;DE-12956;3;2;7.996,00
03/01/2022;143355;DE-12957;3;2;5.118,00
03/01/2022;143382;DE-12957;3;2;5.118,00
03/01/2022;143360;DE-12967;2;2;192
03/01/2022;143377;DE-12967;3;3;288
03/01/2022;143373;DE-12968;4;4;420
03/01/2022;143381;DE-12968;23;22;2.310,00
03/01/2022;143334;DE-12969;1;1;230
03/01/2022;143403;DE-12969;14;13;2.990,00
03/01/2022;143364;DE-12969;17;15;3.450,00
03/01/2022;143340;DE-12970;7;6;924
03/01/2022;143396;DE-12970;11;10;1.540,00
03/01/2022;143372;DE-12970;17;16;2.464,00
03/01/2022;143352;DE-12970;19;18;2.772,00
03/01/2022;143398;DE-12971;3;2;198
03/01/2022;143356;DE-12971;7;6;594
03/01/2022;143326;DE-12971;10;10;990
03/01/2022;143357;DE-12971;10;10;990
03/01/2022;143380;DE-12971;11;10;990
03/01/2022;143342;DE-12972;1;1;969
03/01/2022;143386;DE-12972;3;2;1.938,00
03/01/2022;143325;DE-12973;3;3;402
03/01/2022;143362;DE-12980;1;1;1.793,00
03/01/2022;143361;DE-12980;3;3;5.379,00
03/01/2022;143389;DE-12981;3;2;6.088,00
03/01/2022;143397;DE-12982;1;1;1.987,00
03/01/2022;143330;DE-12982;2;2;3.974,00
03/01/2022;143394;DE-12982;2;2;3.974,00
03/01/2022;143401;DE-12982;3;3;5.961,00
03/01/2022;143345;DE-12982;4;4;7.948,00
03/01/2022;143393;DE-12982;8;7;13.909,00
03/01/2022;143344;DE-12982;10;9;17.883,00
03/01/2022;143375;DE-12982;12;11;21.857,00
03/01/2022;143371;DE-12982;13;12;23.844,00
03/01/2022;143349;DE-12982;31;29;57.623,00
03/01/2022;143327;LE-12959;2;2;5.392,00
03/01/2022;143338;LE-12959;4;4;10.784,00
03/01/2022;143378;LE-12960;3;0;0
03/01/2022;143383;LE-12960;6;0;0
03/01/2022;143379;SA-12962;6;6;16.734,00
03/01/2022;143387;SA-12962;7;6;16.734,00
03/01/2022;143404;SA-12962;10;9;25.101,00
03/01/2022;143402;SA-12962;17;15;41.835,00
03/01/2022;143339;SA-12962;18;17;47.413,00
03/01/2022;143363;SA-12962;20;18;50.202,00
03/01/2022;143350;SA-12962;23;21;58.569,00
03/01/2022;143333;SA-12962;28;26;72.514,00
03/01/2022;143385;SA-12963;1;1;2.000,00
03/01/2022;143388;SA-12963;2;2;4.000,00
03/01/2022;143390;SA-12963;3;2;4.000,00
03/01/2022;143367;SA-12983;2;2;2.096,00
03/01/2022;143341;SA-12984;1;1;2.112,00
04/01/2022;143464;AC-12949;10;9;25.110,00
04/01/2022;143449;AC-12949;20;18;50.220,00
04/01/2022;143438;AC-12950;10;9;28.449,00
04/01/2022;143493;AC-12951;1;1;3.950,00
04/01/2022;143444;AC-12951;2;2;7.900,00
04/01/2022;143489;AC-12951;2;2;7.900,00
04/01/2022;143429;AC-12951;3;3;11.850,00
04/01/2022;143414;AC-12952;1;1;4.925,00
04/01/2022;143451;AC-12952;2;2;9.850,00
04/01/2022;143491;AC-12952;3;2;9.850,00
04/01/2022;143448;AC-12974;2;2;368
04/01/2022;143497;AC-12974;2;2;368
04/01/2022;143478;AC-12974;23;22;4.048,00
04/01/2022;143440;AC-12975;9;8;1.680,00
04/01/2022;143474;AC-12975;17;15;3.150,00
04/01/2022;143407;AC-12976;1;1;257
04/01/2022;143411;AC-12976;3;2;514
04/01/2022;143421;AC-12976;3;3;771
04/01/2022;143471;AC-12977;1;1;1.679,00
04/01/2022;143430;AC-12977;2;2;3.358,00
04/01/2022;143456;AC-12977;2;2;3.358,00
04/01/2022;143415;AC-12978;1;1;871
04/01/2022;143479;AC-12979;5;5;5.980,00
04/01/2022;143458;AP-12964;1;1;750
04/01/2022;143488;AP-12964;2;2;1.500,00
04/01/2022;143427;AP-12966;3;3;26.457,00
04/01/2022;143431;AP-12966;4;4;35.276,00
04/01/2022;143460;AP-12966;9;8;70.552,00
04/01/2022;143418;DE-12954;3;2;6.136,00
04/01/2022;143486;DE-12954;3;3;9.204,00
04/01/2022;143453;DE-12954;7;6;18.408,00
04/01/2022;143476;DE-12954;7;6;18.408,00
04/01/2022;143455;DE-12954;10;9;27.612,00
04/01/2022;143481;DE-12954;17;15;46.020,00
04/01/2022;143461;DE-12954;19;18;55.224,00
04/01/2022;143459;DE-12954;30;27;82.836,00
04/01/2022;143422;DE-12956;2;2;7.996,00
04/01/2022;143477;DE-12956;2;2;7.996,00
04/01/2022;143450;DE-12956;3;2;7.996,00
04/01/2022;143426;DE-12967;17;15;1.440,00
04/01/2022;143467;DE-12967;17;15;1.440,00
04/01/2022;143408;DE-12967;20;18;1.728,00
04/01/2022;143468;DE-12967;20;18;1.728,00
04/01/2022;143473;DE-12968;20;18;1.890,00
04/01/2022;143419;DE-12969;4;4;920
04/01/2022;143416;DE-12969;6;6;1.380,00
04/01/2022;143436;DE-12969;11;10;2.300,00
04/01/2022;143452;DE-12969;15;14;3.220,00
04/01/2022;143490;DE-12971;5;5;495
04/01/2022;143447;DE-12971;6;6;594
04/01/2022;143417;DE-12971;9;8;792
04/01/2022;143483;DE-12971;10;9;891
04/01/2022;143410;DE-12971;19;18;1.782,00
04/01/2022;143454;DE-12972;3;2;1.938,00
04/01/2022;143413;DE-12972;3;3;2.907,00
04/01/2022;143442;DE-12973;6;6;804
04/01/2022;143423;DE-12973;18;17;2.278,00
04/01/2022;143446;DE-12980;5;5;8.965,00
04/01/2022;143425;DE-12980;7;6;10.758,00
04/01/2022;143492;DE-12981;4;4;12.176,00
04/01/2022;143432;DE-12981;5;5;15.220,00
04/01/2022;143469;DE-12981;8;7;21.308,00
04/01/2022;143462;DE-12982;2;2;3.974,00
04/01/2022;143434;DE-12982;6;6;11.922,00
04/01/2022;143443;DE-12982;9;8;15.896,00
04/01/2022;143499;DE-12982;10;10;19.870,00
04/01/2022;143495;DE-12982;12;11;21.857,00
04/01/2022;143470;LE-12959;5;5;13.480,00
04/01/2022;143494;LE-12959;5;5;13.480,00
04/01/2022;143412;LE-12959;7;6;16.176,00
04/01/2022;143466;LE-12959;10;10;26.960,00
04/01/2022;143475;LE-12959;12;11;29.656,00
04/01/2022;143463;LE-12960;3;0;0
04/01/2022;143445;LE-12960;4;4;15.376,00
04/01/2022;143465;SA-12961;3;3;4.500,00
04/01/2022;143441;SA-12962;2;2;5.578,00
04/01/2022;143439;SA-12962;6;6;16.734,00
04/01/2022;143420;SA-12962;8;7;19.523,00
04/01/2022;143484;SA-12962;10;9;25.101,00
04/01/2022;143485;SA-12962;10;9;25.101,00
04/01/2022;143435;SA-12962;10;10;27.890,00
04/01/2022;143472;SA-12962;11;10;27.890,00
04/01/2022;143482;SA-12962;13;12;33.468,00
04/01/2022;143496;SA-12962;16;14;39.046,00
04/01/2022;143498;SA-12962;19;18;50.202,00
04/01/2022;143424;SA-12963;1;1;2.000,00
04/01/2022;143480;SA-12963;1;1;2.000,00
04/01/2022;143428;SA-12963;2;2;4.000,00
04/01/2022;143437;SA-12963;2;2;4.000,00
04/01/2022;143457;SA-12963;2;2;4.000,00
04/01/2022;143487;SA-12963;3;3;6.000,00
04/01/2022;143433;SA-12983;3;3;3.144,00
04/01/2022;143409;SA-12984;7;6;12.672,00
05/01/2022;143509;AC-12949;14;13;36.270,00
05/01/2022;143526;AC-12950;3;2;6.322,00
05/01/2022;143535;AC-12950;6;6;18.966,00
05/01/2022;143513;AC-12951;1;1;3.950,00
05/01/2022;143543;AC-12951;3;3;11.850,00
05/01/2022;143556;AC-12952;3;2;9.850,00
05/01/2022;143545;AC-12974;8;7;1.288,00
05/01/2022;143550;AC-12974;19;18;3.312,00
05/01/2022;143547;AC-12975;8;7;1.470,00
05/01/2022;143558;AC-12975;19;18;3.780,00
05/01/2022;143514;AC-12976;1;1;257
05/01/2022;143506;AC-12976;3;2;514
05/01/2022;143551;AC-12976;3;3;771
05/01/2022;143519;AC-12977;2;2;3.358,00
05/01/2022;143539;AC-12977;3;2;3.358,00
05/01/2022;143508;AC-12978;1;1;871
05/01/2022;143516;AC-12978;3;3;2.613,00
05/01/2022;143572;AC-12979;3;2;2.392,00
05/01/2022;143502;AC-12979;6;6;7.176,00
05/01/2022;143563;AC-12979;6;6;7.176,00
05/01/2022;143567;AP-12964;2;2;1.500,00
05/01/2022;143520;AP-12964;3;2;1.500,00
05/01/2022;143522;AP-12964;3;2;1.500,00
05/01/2022;143570;AP-12964;3;3;2.250,00
05/01/2022;143500;AP-12964;4;4;3.000,00
05/01/2022;143531;AP-12965;1;1;13.715,00
05/01/2022;143560;AP-12966;6;6;52.914,00
05/01/2022;143503;DE-12954;8;7;21.476,00
05/01/2022;143548;DE-12954;8;7;21.476,00
05/01/2022;143511;DE-12954;10;9;27.612,00
05/01/2022;143555;DE-12954;17;16;49.088,00
05/01/2022;143562;DE-12957;5;5;12.795,00
05/01/2022;143512;DE-12967;6;0;0
05/01/2022;143537;DE-12967;13;12;1.152,00
05/01/2022;143569;DE-12967;14;13;1.248,00
05/01/2022;143565;DE-12967;18;17;1.632,00
05/01/2022;143536;DE-12968;20;18;1.890,00
05/01/2022;143507;DE-12969;11;10;2.300,00
05/01/2022;143566;DE-12969;13;12;2.760,00
05/01/2022;143541;DE-12969;16;14;3.220,00
05/01/2022;143530;DE-12969;23;22;5.060,00
05/01/2022;143542;DE-12970;10;9;1.386,00
05/01/2022;143538;DE-12970;12;11;1.694,00
05/01/2022;143571;DE-12971;9;8;792
05/01/2022;143518;DE-12971;10;10;990
05/01/2022;143534;DE-12971;17;16;1.584,00
05/01/2022;143527;DE-12972;2;2;1.938,00
05/01/2022;143515;DE-12972;3;2;1.938,00
05/01/2022;143532;DE-12973;9;8;1.072,00
05/01/2022;143517;DE-12980;7;6;10.758,00
05/01/2022;143501;DE-12982;3;3;5.961,00
05/01/2022;143559;DE-12982;10;10;19.870,00
05/01/2022;143568;DE-12982;12;11;21.857,00
05/01/2022;143525;LE-12959;5;5;13.480,00
05/01/2022;143540;LE-12959;6;6;16.176,00
05/01/2022;143549;LE-12959;7;6;16.176,00
05/01/2022;143523;LE-12959;10;9;24.264,00
05/01/2022;143557;LE-12960;3;3;11.532,00
05/01/2022;143553;SA-12961;4;4;6.000,00
05/01/2022;143561;SA-12961;6;6;9.000,00
05/01/2022;143544;SA-12962;3;2;5.578,00
05/01/2022;143505;SA-12962;9;8;22.312,00
05/01/2022;143564;SA-12962;9;8;22.312,00
05/01/2022;143528;SA-12962;10;9;25.101,00
05/01/2022;143524;SA-12962;15;14;39.046,00
05/01/2022;143521;SA-12963;1;1;2.000,00
05/01/2022;143533;SA-12963;2;2;4.000,00
05/01/2022;143552;SA-12963;3;3;6.000,00
05/01/2022;143554;SA-12983;4;4;4.192,00
05/01/2022;143504;SA-12984;1;1;2.112,00
05/01/2022;143529;SA-12984;2;2;4.224,00
05/01/2022;143510;SA-12984;3;3;6.336,00
05/01/2022;143546;SA-12984;9;0;0
06/01/2022;143621;AC-12950;3;2;6.322,00
06/01/2022;143611;AC-12950;10;10;31.610,00
06/01/2022;143588;AC-12951;1;1;3.950,00
06/01/2022;143644;AC-12951;1;1;3.950,00
06/01/2022;143576;AC-12951;2;2;7.900,00
06/01/2022;143634;AC-12951;2;2;7.900,00
06/01/2022;143610;AC-12951;3;2;7.900,00
06/01/2022;143655;AC-12974;15;14;2.576,00
06/01/2022;143653;AC-12974;20;18;3.312,00
06/01/2022;143586;AC-12975;8;7;1.470,00
06/01/2022;143651;AC-12976;1;1;257
06/01/2022;143594;AC-12976;2;2;514
06/01/2022;143632;AC-12976;3;3;771
06/01/2022;143577;AC-12977;1;1;1.679,00
06/01/2022;143618;AC-12977;1;1;1.679,00
06/01/2022;143606;AC-12977;2;2;3.358,00
06/01/2022;143591;AC-12977;3;3;5.037,00
06/01/2022;143584;AC-12978;5;5;4.355,00
06/01/2022;143602;AC-12978;6;6;5.226,00
06/01/2022;143578;AC-12979;1;1;1.196,00
06/01/2022;143630;AC-12979;3;2;2.392,00
06/01/2022;143589;AC-12979;3;3;3.588,00
06/01/2022;143642;AC-12979;6;6;7.176,00
06/01/2022;143599;AC-12979;9;8;9.568,00
06/01/2022;143579;AP-12964;3;2;1.500,00
06/01/2022;143628;AP-12964;4;4;3.000,00
06/01/2022;143608;AP-12965;2;2;27.430,00
06/01/2022;143638;DE-12954;1;1;3.068,00
06/01/2022;143585;DE-12954;3;3;9.204,00
06/01/2022;143641;DE-12954;4;4;12.272,00
06/01/2022;143652;DE-12954;23;22;67.496,00
06/01/2022;143604;DE-12954;25;23;70.564,00
06/01/2022;143615;DE-12954;26;24;73.632,00
06/01/2022;143650;DE-12955;3;2;9.170,00
06/01/2022;143581;DE-12955;3;3;13.755,00
06/01/2022;143629;DE-12957;7;6;15.354,00
06/01/2022;143574;DE-12967;6;0;0
06/01/2022;143595;DE-12967;9;8;768
06/01/2022;143620;DE-12967;10;10;960
06/01/2022;143607;DE-12967;22;20;1.920,00
06/01/2022;143603;DE-12968;9;8;840
06/01/2022;143624;DE-12968;9;8;840
06/01/2022;143596;DE-12969;7;6;1.380,00
06/01/2022;143633;DE-12969;13;12;2.760,00
06/01/2022;143648;DE-12970;10;10;1.540,00
06/01/2022;143625;DE-12971;11;10;990
06/01/2022;143601;DE-12971;15;14;1.386,00
06/01/2022;143654;DE-12971;15;14;1.386,00
06/01/2022;143646;DE-12971;17;16;1.584,00
06/01/2022;143623;DE-12971;19;18;1.782,00
06/01/2022;143636;DE-12972;2;2;1.938,00
06/01/2022;143617;DE-12973;11;10;1.340,00
06/01/2022;143587;DE-12973;23;21;2.814,00
06/01/2022;143637;DE-12973;23;22;2.948,00
06/01/2022;143575;DE-12980;1;1;1.793,00
06/01/2022;143649;DE-12980;3;2;3.586,00
06/01/2022;143640;DE-12980;4;4;7.172,00
06/01/2022;143639;DE-12980;6;6;10.758,00
06/01/2022;143580;DE-12982;5;5;9.935,00
06/01/2022;143609;DE-12982;10;10;19.870,00
06/01/2022;143627;DE-12982;28;26;51.662,00
06/01/2022;143619;LE-12959;1;1;2.696,00
06/01/2022;143600;LE-12959;7;6;16.176,00
06/01/2022;143590;LE-12959;8;7;18.872,00
06/01/2022;143643;LE-12959;8;7;18.872,00
06/01/2022;143647;LE-12959;12;11;29.656,00
06/01/2022;143593;LE-12960;5;0;0
06/01/2022;143613;SA-12961;2;2;3.000,00
06/01/2022;143622;SA-12961;2;2;3.000,00
06/01/2022;143605;SA-12962;1;1;2.789,00
06/01/2022;143582;SA-12962;2;2;5.578,00
06/01/2022;143626;SA-12962;2;2;5.578,00
06/01/2022;143573;SA-12962;7;6;16.734,00
06/01/2022;143612;SA-12962;9;8;22.312,00
06/01/2022;143597;SA-12962;10;10;27.890,00
06/01/2022;143645;SA-12962;10;10;27.890,00
06/01/2022;143635;SA-12962;22;20;55.780,00
06/01/2022;143614;SA-12962;32;30;83.670,00
06/01/2022;143631;SA-12963;2;2;4.000,00
06/01/2022;143616;SA-12963;3;2;4.000,00
06/01/2022;143598;SA-12983;4;4;4.192,00
06/01/2022;143592;SA-12983;5;5;5.240,00
06/01/2022;143583;SA-12983;7;6;6.288,00
07/01/2022;143737;AC-12949;6;6;16.740,00
07/01/2022;143659;AC-12949;20;18;50.220,00
07/01/2022;143690;AC-12949;23;21;58.590,00
07/01/2022;143701;AC-12950;2;2;6.322,00
07/01/2022;143695;AC-12950;5;5;15.805,00
07/01/2022;143684;AC-12950;10;9;28.449,00
07/01/2022;143696;AC-12950;10;9;28.449,00
07/01/2022;143741;AC-12951;2;2;7.900,00
07/01/2022;143666;AC-12952;1;1;4.925,00
07/01/2022;143715;AC-12952;1;1;4.925,00
07/01/2022;143739;AC-12952;3;3;14.775,00
07/01/2022;143703;AC-12974;9;8;1.472,00
07/01/2022;143727;AC-12974;12;11;2.024,00
07/01/2022;143722;AC-12974;17;16;2.944,00
07/01/2022;143717;AC-12974;20;18;3.312,00
07/01/2022;143709;AC-12975;19;18;3.780,00
07/01/2022;143663;AC-12975;21;19;3.990,00
07/01/2022;143692;AC-12976;2;2;514
07/01/2022;143668;AC-12976;4;4;1.028,00
07/01/2022;143713;AC-12976;4;4;1.028,00
07/01/2022;143674;AC-12977;1;1;1.679,00
07/01/2022;143705;AC-12977;2;2;3.358,00
07/01/2022;143699;AC-12977;3;3;5.037,00
07/01/2022;143735;AC-12978;1;1;871
07/01/2022;143667;AC-12978;2;2;1.742,00
07/01/2022;143672;AC-12978;3;3;2.613,00
07/01/2022;143665;AC-12978;5;5;4.355,00
07/01/2022;143676;AC-12978;5;5;4.355,00
07/01/2022;143656;AC-12979;2;2;2.392,00
07/01/2022;143734;AC-12979;2;2;2.392,00
07/01/2022;143711;AP-12964;3;2;1.500,00
07/01/2022;143732;AP-12964;3;2;1.500,00
07/01/2022;143679;AP-12964;3;3;2.250,00
07/01/2022;143658;AP-12965;1;1;13.715,00
07/01/2022;143675;AP-12966;5;5;44.095,00
07/01/2022;143712;AP-12966;6;6;52.914,00
07/01/2022;143661;DE-12953;2;2;19.840,00
07/01/2022;143743;DE-12954;9;8;24.544,00
07/01/2022;143683;DE-12954;10;10;30.680,00
07/01/2022;143664;DE-12954;12;11;33.748,00
07/01/2022;143689;DE-12954;14;13;39.884,00
07/01/2022;143686;DE-12954;24;22;67.496,00
07/01/2022;143657;DE-12954;25;23;70.564,00
07/01/2022;143662;DE-12955;2;2;9.170,00
07/01/2022;143677;DE-12955;8;7;32.095,00
07/01/2022;143729;DE-12956;1;1;3.998,00
07/01/2022;143685;DE-12956;2;2;7.996,00
07/01/2022;143710;DE-12956;2;2;7.996,00
07/01/2022;143700;DE-12967;6;0;0
07/01/2022;143738;DE-12967;14;13;1.248,00
07/01/2022;143681;DE-12967;18;17;1.632,00
07/01/2022;143728;DE-12967;20;18;1.728,00
07/01/2022;143740;DE-12967;21;19;1.824,00
07/01/2022;143660;DE-12970;1;1;154
07/01/2022;143697;DE-12970;16;14;2.156,00
07/01/2022;143706;DE-12971;7;6;594
07/01/2022;143698;DE-12972;2;2;1.938,00
07/01/2022;143720;DE-12980;5;5;8.965,00
07/01/2022;143708;DE-12980;7;6;10.758,00
07/01/2022;143716;DE-12981;2;2;6.088,00
07/01/2022;143673;DE-12981;5;5;15.220,00
07/01/2022;143742;DE-12982;1;1;1.987,00
07/01/2022;143702;DE-12982;4;4;7.948,00
07/01/2022;143724;DE-12982;4;4;7.948,00
07/01/2022;143731;DE-12982;4;4;7.948,00
07/01/2022;143693;DE-12982;9;8;15.896,00
07/01/2022;143721;LE-12959;2;2;5.392,00
07/01/2022;143670;LE-12959;3;3;8.088,00
07/01/2022;143714;LE-12959;3;3;8.088,00
07/01/2022;143680;LE-12959;5;5;13.480,00
07/01/2022;143707;LE-12959;8;7;18.872,00
07/01/2022;143682;LE-12959;13;12;32.352,00
07/01/2022;143687;LE-12960;3;0;0
07/01/2022;143718;LE-12960;6;0;0
07/01/2022;143730;SA-12961;3;3;4.500,00
07/01/2022;143691;SA-12961;6;6;9.000,00
07/01/2022;143688;SA-12962;10;9;25.101,00
07/01/2022;143671;SA-12962;16;14;39.046,00
07/01/2022;143736;SA-12962;22;20;55.780,00
07/01/2022;143678;SA-12962;23;21;58.569,00
07/01/2022;143723;SA-12963;1;1;2.000,00
07/01/2022;143726;SA-12963;2;2;4.000,00
07/01/2022;143704;SA-12963;3;3;6.000,00
07/01/2022;143719;SA-12983;3;2;2.096,00
07/01/2022;143694;SA-12983;4;4;4.192,00
07/01/2022;143733;SA-12983;6;6;6.288,00
07/01/2022;143725;SA-12983;7;6;6.288,00
07/01/2022;143744;SA-12984;3;2;4.224,00
07/01/2022;143669;SA-12984;7;6;12.672,00
08/01/2022;143803;AC-12950;6;6;18.966,00
08/01/2022;143825;AC-12951;2;2;7.900,00
08/01/2022;143840;AC-12951;3;2;7.900,00
08/01/2022;143779;AC-12952;1;1;4.925,00
08/01/2022;143792;AC-12952;3;2;9.850,00
08/01/2022;143782;AC-12974;10;10;1.840,00
08/01/2022;143809;AC-12974;16;14;2.576,00
08/01/2022;143788;AC-12975;3;3;630
08/01/2022;143789;AC-12975;5;5;1.050,00
08/01/2022;143756;AC-12975;13;12;2.520,00
08/01/2022;143771;AC-12975;18;17;3.570,00
08/01/2022;143768;AC-12975;20;18;3.780,00
08/01/2022;143829;AC-12975;21;19;3.990,00
08/01/2022;143806;AC-12976;3;3;771
08/01/2022;143847;AC-12977;1;1;1.679,00
08/01/2022;143754;AC-12977;2;2;3.358,00
08/01/2022;143818;AC-12977;2;2;3.358,00
08/01/2022;143783;AC-12978;5;5;4.355,00
08/01/2022;143800;AC-12978;7;6;5.226,00
08/01/2022;143758;AC-12978;8;7;6.097,00
08/01/2022;143766;AC-12979;8;7;8.372,00
08/01/2022;143746;AC-12979;9;8;9.568,00
08/01/2022;143793;AP-12964;2;2;1.500,00
08/01/2022;143814;AP-12964;2;2;1.500,00
08/01/2022;143838;AP-12965;1;1;13.715,00
08/01/2022;143774;AP-12966;2;2;17.638,00
08/01/2022;143805;AP-12966;5;5;44.095,00
08/01/2022;143807;AP-12966;6;6;52.914,00
08/01/2022;143810;DE-12953;2;2;19.840,00
08/01/2022;143813;DE-12953;3;3;29.760,00
08/01/2022;143781;DE-12954;4;4;12.272,00
08/01/2022;143760;DE-12954;11;10;30.680,00
08/01/2022;143773;DE-12954;27;25;76.700,00
08/01/2022;143834;DE-12954;30;27;82.836,00
08/01/2022;143846;DE-12955;3;2;9.170,00
08/01/2022;143747;DE-12956;2;2;7.996,00
08/01/2022;143836;DE-12957;2;2;5.118,00
08/01/2022;143812;DE-12967;7;6;576
08/01/2022;143777;DE-12967;8;7;672
08/01/2022;143837;DE-12967;8;7;672
08/01/2022;143832;DE-12967;9;8;768
08/01/2022;143748;DE-12967;10;9;864
08/01/2022;143823;DE-12967;11;10;960
08/01/2022;143791;DE-12967;12;0;0
08/01/2022;143845;DE-12967;17;15;1.440,00
08/01/2022;143833;DE-12968;2;2;210
08/01/2022;143770;DE-12968;3;2;210
08/01/2022;143819;DE-12968;3;2;210
08/01/2022;143755;DE-12968;7;6;630
08/01/2022;143821;DE-12968;8;7;735
08/01/2022;143817;DE-12969;3;3;690
08/01/2022;143778;DE-12969;13;12;2.760,00
08/01/2022;143835;DE-12969;13;12;2.760,00
08/01/2022;143827;DE-12969;21;19;4.370,00
08/01/2022;143790;DE-12969;24;22;5.060,00
08/01/2022;143841;DE-12970;14;13;2.002,00
08/01/2022;143794;DE-12970;15;14;2.156,00
08/01/2022;143830;DE-12971;10;10;990
08/01/2022;143769;DE-12971;11;10;990
08/01/2022;143843;DE-12971;20;18;1.782,00
08/01/2022;143767;DE-12972;2;2;1.938,00
08/01/2022;143801;DE-12972;3;3;2.907,00
08/01/2022;143815;DE-12972;3;3;2.907,00
08/01/2022;143839;DE-12973;11;10;1.340,00
08/01/2022;143764;DE-12980;1;1;1.793,00
08/01/2022;143776;DE-12980;2;2;3.586,00
08/01/2022;143796;DE-12980;3;2;3.586,00
08/01/2022;143820;DE-12980;5;5;8.965,00
08/01/2022;143761;DE-12981;2;2;6.088,00
08/01/2022;143826;DE-12981;3;3;9.132,00
08/01/2022;143763;DE-12981;4;4;12.176,00
08/01/2022;143784;DE-12981;5;5;15.220,00
08/01/2022;143824;DE-12982;1;1;1.987,00
08/01/2022;143842;DE-12982;1;1;1.987,00
08/01/2022;143772;DE-12982;2;2;3.974,00
08/01/2022;143752;DE-12982;3;3;5.961,00
08/01/2022;143799;DE-12982;4;4;7.948,00
08/01/2022;143804;DE-12982;4;4;7.948,00
08/01/2022;143775;DE-12982;9;8;15.896,00
08/01/2022;143762;LE-12959;5;5;13.480,00
08/01/2022;143797;LE-12959;7;6;16.176,00
08/01/2022;143798;LE-12959;10;9;24.264,00
08/01/2022;143811;LE-12959;10;9;24.264,00
08/01/2022;143751;SA-12962;3;2;5.578,00
08/01/2022;143765;SA-12962;3;3;8.367,00
08/01/2022;143831;SA-12962;3;3;8.367,00
08/01/2022;143808;SA-12962;4;4;11.156,00
08/01/2022;143750;SA-12962;9;8;22.312,00
08/01/2022;143757;SA-12962;9;8;22.312,00
08/01/2022;143844;SA-12962;10;9;25.101,00
08/01/2022;143749;SA-12962;12;11;30.679,00
08/01/2022;143822;SA-12962;12;11;30.679,00
08/01/2022;143785;SA-12962;17;16;44.624,00
08/01/2022;143828;SA-12962;26;24;66.936,00
08/01/2022;143745;SA-12962;30;27;75.303,00
08/01/2022;143759;SA-12963;1;1;2.000,00
08/01/2022;143787;SA-12963;1;1;2.000,00
08/01/2022;143753;SA-12963;2;2;4.000,00
08/01/2022;143786;SA-12963;2;2;4.000,00
08/01/2022;143780;SA-12963;3;2;4.000,00
08/01/2022;143802;SA-12963;3;2;4.000,00
08/01/2022;143816;SA-12984;1;1;2.112,00
08/01/2022;143795;SA-12984;4;4;8.448,00
09/01/2022;143870;AC-12949;3;2;5.580,00
09/01/2022;143904;AC-12951;1;1;3.950,00
09/01/2022;143895;AC-12952;3;2;9.850,00
09/01/2022;143903;AC-12974;4;4;736
09/01/2022;143906;AC-12974;7;6;1.104,00
09/01/2022;143878;AC-12976;1;1;257
09/01/2022;143901;AC-12976;3;2;514
09/01/2022;143848;AC-12976;3;3;771
09/01/2022;143857;AC-12976;3;3;771
09/01/2022;143923;AC-12977;1;1;1.679,00
09/01/2022;143853;AC-12977;3;2;3.358,00
09/01/2022;143869;AC-12977;3;2;3.358,00
09/01/2022;143874;AC-12977;3;2;3.358,00
09/01/2022;143891;AC-12978;5;5;4.355,00
09/01/2022;143883;AC-12978;7;6;5.226,00
09/01/2022;143888;AC-12979;5;5;5.980,00
09/01/2022;143880;AC-12979;6;6;7.176,00
09/01/2022;143862;AC-12979;7;6;7.176,00
09/01/2022;143900;AP-12964;2;2;1.500,00
09/01/2022;143868;AP-12964;4;4;3.000,00
09/01/2022;143866;AP-12966;1;1;8.819,00
09/01/2022;143918;AP-12966;1;1;8.819,00
09/01/2022;143915;DE-12953;3;2;19.840,00
09/01/2022;143917;DE-12954;4;4;12.272,00
09/01/2022;143897;DE-12954;9;8;24.544,00
09/01/2022;143922;DE-12954;11;10;30.680,00
09/01/2022;143886;DE-12954;27;25;76.700,00
09/01/2022;143877;DE-12955;5;5;22.925,00
09/01/2022;143890;DE-12956;1;1;3.998,00
09/01/2022;143865;DE-12956;2;2;7.996,00
09/01/2022;143892;DE-12957;5;5;12.795,00
09/01/2022;143902;DE-12967;8;7;672
09/01/2022;143912;DE-12967;11;10;960
09/01/2022;143860;DE-12967;12;0;0
09/01/2022;143867;DE-12967;16;14;1.344,00
09/01/2022;143909;DE-12967;17;15;1.440,00
09/01/2022;143879;DE-12968;4;4;420
09/01/2022;143863;DE-12969;13;12;2.760,00
09/01/2022;143885;DE-12970;1;1;154
09/01/2022;143876;DE-12970;15;14;2.156,00
09/01/2022;143916;DE-12971;7;6;594
09/01/2022;143905;DE-12971;8;7;693
09/01/2022;143861;DE-12971;11;10;990
09/01/2022;143910;DE-12971;11;10;990
09/01/2022;143872;DE-12971;20;18;1.782,00
09/01/2022;143884;DE-12971;22;20;1.980,00
09/01/2022;143882;DE-12972;3;2;1.938,00
09/01/2022;143924;DE-12972;3;2;1.938,00
09/01/2022;143908;DE-12973;12;11;1.474,00
09/01/2022;143911;DE-12973;15;14;1.876,00
09/01/2022;143896;DE-12980;5;5;8.965,00
09/01/2022;143851;DE-12980;8;7;12.551,00
09/01/2022;143854;DE-12981;2;2;6.088,00
09/01/2022;143856;DE-12981;5;5;15.220,00
09/01/2022;143875;DE-12982;2;2;3.974,00
09/01/2022;143898;DE-12982;3;3;5.961,00
09/01/2022;143864;DE-12982;4;4;7.948,00
09/01/2022;143921;DE-12982;5;5;9.935,00
09/01/2022;143859;DE-12982;10;10;19.870,00
09/01/2022;143852;LE-12959;3;2;5.392,00
09/01/2022;143849;LE-12960;5;0;0
09/01/2022;143907;SA-12961;6;6;9.000,00
09/01/2022;143914;SA-12962;4;4;11.156,00
09/01/2022;143887;SA-12962;5;5;13.945,00
09/01/2022;143913;SA-12962;12;11;30.679,00
09/01/2022;143871;SA-12962;21;19;52.991,00
09/01/2022;143858;SA-12962;22;20;55.780,00
09/01/2022;143855;SA-12962;23;21;58.569,00
09/01/2022;143873;SA-12962;30;27;75.303,00
09/01/2022;143894;SA-12962;30;28;78.092,00
09/01/2022;143881;SA-12963;1;1;2.000,00
09/01/2022;143899;SA-12963;3;3;6.000,00
09/01/2022;143889;SA-12983;3;3;3.144,00
09/01/2022;143920;SA-12983;3;3;3.144,00
09/01/2022;143919;SA-12983;7;6;6.288,00
09/01/2022;143850;SA-12984;6;6;12.672,00
09/01/2022;143893;SA-12984;7;6;12.672,00
10/01/2022;143953;AC-12949;10;9;25.110,00
10/01/2022;143994;AC-12949;12;11;30.690,00
10/01/2022;143951;AC-12950;7;6;18.966,00
10/01/2022;144007;AC-12951;2;2;7.900,00
10/01/2022;144000;AC-12951;3;2;7.900,00
10/01/2022;144006;AC-12951;3;2;7.900,00
10/01/2022;143937;AC-12952;2;2;9.850,00
10/01/2022;143961;AC-12952;3;2;9.850,00
10/01/2022;143932;AC-12952;3;3;14.775,00
10/01/2022;143946;AC-12952;3;3;14.775,00
10/01/2022;144002;AC-12952;3;3;14.775,00
10/01/2022;143986;AC-12974;12;11;2.024,00
10/01/2022;143988;AC-12974;21;19;3.496,00
10/01/2022;143971;AC-12975;3;3;630
10/01/2022;143965;AC-12976;3;3;771
10/01/2022;143957;AC-12978;2;2;1.742,00
10/01/2022;143967;AC-12978;2;2;1.742,00
10/01/2022;143960;AC-12978;4;4;3.484,00
10/01/2022;143991;AC-12979;9;8;9.568,00
10/01/2022;143938;AP-12964;2;2;1.500,00
10/01/2022;143972;AP-12964;2;2;1.500,00
10/01/2022;144011;AP-12964;2;2;1.500,00
10/01/2022;144008;AP-12966;1;1;8.819,00
10/01/2022;143969;AP-12966;2;2;17.638,00
10/01/2022;143984;AP-12966;3;3;26.457,00
10/01/2022;143934;AP-12966;7;6;52.914,00
10/01/2022;143939;DE-12953;1;1;9.920,00
10/01/2022;143979;DE-12954;10;9;27.612,00
10/01/2022;144004;DE-12954;24;22;67.496,00
10/01/2022;143940;DE-12954;32;30;92.040,00
10/01/2022;144003;DE-12955;3;3;13.755,00
10/01/2022;144009;DE-12955;3;3;13.755,00
10/01/2022;143933;DE-12956;2;2;7.996,00
10/01/2022;143962;DE-12957;2;2;5.118,00
10/01/2022;143978;DE-12957;4;4;10.236,00
10/01/2022;143956;DE-12957;6;6;15.354,00
10/01/2022;143974;DE-12957;7;6;15.354,00
10/01/2022;143964;DE-12958;1;1;5.500,00
10/01/2022;143983;DE-12967;2;2;192
10/01/2022;143966;DE-12967;9;8;768
10/01/2022;143930;DE-12967;10;10;960
10/01/2022;143942;DE-12968;17;16;1.680,00
10/01/2022;143931;DE-12969;5;5;1.150,00
10/01/2022;143975;DE-12969;7;6;1.380,00
10/01/2022;143944;DE-12969;17;16;3.680,00
10/01/2022;143926;DE-12969;24;22;5.060,00
10/01/2022;143955;DE-12970;8;7;1.078,00
10/01/2022;143948;DE-12970;9;8;1.232,00
10/01/2022;144010;DE-12970;10;9;1.386,00
10/01/2022;143949;DE-12970;10;10;1.540,00
10/01/2022;143996;DE-12971;3;3;297
10/01/2022;144001;DE-12971;16;14;1.386,00
10/01/2022;143935;DE-12972;1;1;969
10/01/2022;143941;DE-12972;2;2;1.938,00
10/01/2022;143981;DE-12972;3;3;2.907,00
10/01/2022;143958;DE-12973;2;2;268
10/01/2022;143990;DE-12973;9;8;1.072,00
10/01/2022;143925;DE-12973;21;19;2.546,00
10/01/2022;143968;DE-12980;3;3;5.379,00
10/01/2022;143959;DE-12980;4;4;7.172,00
10/01/2022;143980;DE-12980;4;4;7.172,00
10/01/2022;143954;DE-12981;2;2;6.088,00
10/01/2022;143998;DE-12981;5;5;15.220,00
10/01/2022;143992;DE-12981;8;7;21.308,00
10/01/2022;143963;DE-12982;3;2;3.974,00
10/01/2022;143970;DE-12982;11;10;19.870,00
10/01/2022;144012;DE-12982;11;10;19.870,00
10/01/2022;143977;DE-12982;12;11;21.857,00
10/01/2022;143945;DE-12982;28;26;51.662,00
10/01/2022;143943;LE-12959;1;1;2.696,00
10/01/2022;143973;LE-12959;1;1;2.696,00
10/01/2022;143982;LE-12959;13;12;32.352,00
10/01/2022;144005;LE-12960;3;3;11.532,00
10/01/2022;143929;SA-12961;3;2;3.000,00
10/01/2022;143976;SA-12961;5;5;7.500,00
10/01/2022;143952;SA-12962;2;2;5.578,00
10/01/2022;143995;SA-12962;3;2;5.578,00
10/01/2022;143947;SA-12962;4;4;11.156,00
10/01/2022;143985;SA-12962;8;7;19.523,00
10/01/2022;143936;SA-12962;18;17;47.413,00
10/01/2022;143928;SA-12962;20;18;50.202,00
10/01/2022;143950;SA-12962;30;27;75.303,00
10/01/2022;143989;SA-12963;2;2;4.000,00
10/01/2022;143999;SA-12963;4;4;8.000,00
10/01/2022;143927;SA-12983;4;4;4.192,00
10/01/2022;143987;SA-12983;5;5;5.240,00
10/01/2022;143997;SA-12983;5;5;5.240,00
10/01/2022;143993;SA-12984;2;2;4.224,00
11/01/2022;144068;AC-12949;12;11;30.690,00
11/01/2022;144062;AC-12950;8;7;22.127,00
11/01/2022;144052;AC-12950;10;10;31.610,00
11/01/2022;144030;AC-12951;2;2;7.900,00
11/01/2022;144076;AC-12952;3;2;9.850,00
11/01/2022;144015;AC-12952;4;4;19.700,00
11/01/2022;144075;AC-12974;3;2;368
11/01/2022;144072;AC-12974;10;10;1.840,00
11/01/2022;144051;AC-12974;16;14;2.576,00
11/01/2022;144090;AC-12975;6;6;1.260,00
11/01/2022;144034;AC-12975;8;7;1.470,00
11/01/2022;144043;AC-12975;8;7;1.470,00
11/01/2022;144095;AC-12975;10;10;2.100,00
11/01/2022;144093;AC-12975;20;18;3.780,00
11/01/2022;144097;AC-12976;3;3;771
11/01/2022;144081;AC-12977;1;1;1.679,00
11/01/2022;144100;AC-12978;2;2;1.742,00
11/01/2022;144038;AC-12978;3;3;2.613,00
11/01/2022;144082;AC-12978;4;4;3.484,00
11/01/2022;144045;AC-12979;1;1;1.196,00
11/01/2022;144058;AC-12979;2;2;2.392,00
11/01/2022;144056;AC-12979;3;3;3.588,00
11/01/2022;144086;AC-12979;3;3;3.588,00
11/01/2022;144027;AC-12979;7;6;7.176,00
11/01/2022;144036;AP-12964;2;2;1.500,00
11/01/2022;144087;AP-12964;2;2;1.500,00
11/01/2022;144013;AP-12965;1;1;13.715,00
11/01/2022;144026;AP-12965;3;2;27.430,00
11/01/2022;144042;AP-12966;1;1;8.819,00
11/01/2022;144073;AP-12966;3;2;17.638,00
11/01/2022;144018;AP-12966;4;4;35.276,00
11/01/2022;144102;AP-12966;5;5;44.095,00
11/01/2022;144016;AP-12966;7;6;52.914,00
11/01/2022;144023;DE-12953;1;1;9.920,00
11/01/2022;144060;DE-12953;3;3;29.760,00
11/01/2022;144112;DE-12953;3;3;29.760,00
11/01/2022;144028;DE-12954;2;2;6.136,00
11/01/2022;144110;DE-12954;8;7;21.476,00
11/01/2022;144047;DE-12954;16;14;42.952,00
11/01/2022;144066;DE-12956;2;2;7.996,00
11/01/2022;144088;DE-12956;3;2;7.996,00
11/01/2022;144092;DE-12956;3;2;7.996,00
11/01/2022;144021;DE-12956;3;3;11.994,00
11/01/2022;144101;DE-12957;4;4;10.236,00
11/01/2022;144014;DE-12957;7;6;15.354,00
11/01/2022;144055;DE-12957;8;7;17.913,00
11/01/2022;144039;DE-12957;10;9;23.031,00
11/01/2022;144103;DE-12967;3;3;288
11/01/2022;144099;DE-12967;10;9;864
11/01/2022;144070;DE-12967;11;10;960
11/01/2022;144094;DE-12967;12;0;0
11/01/2022;144054;DE-12968;4;4;420
11/01/2022;144106;DE-12968;7;6;630
11/01/2022;144091;DE-12968;10;9;945
11/01/2022;144048;DE-12968;17;16;1.680,00
11/01/2022;144053;DE-12968;21;19;1.995,00
11/01/2022;144089;DE-12969;11;10;2.300,00
11/01/2022;144077;DE-12969;15;14;3.220,00
11/01/2022;144096;DE-12970;13;12;1.848,00
11/01/2022;144065;DE-12970;17;16;2.464,00
11/01/2022;144019;DE-12971;1;1;99
11/01/2022;144080;DE-12971;5;5;495
11/01/2022;144041;DE-12971;10;9;891
11/01/2022;144107;DE-12972;1;1;969
11/01/2022;144031;DE-12972;3;2;1.938,00
11/01/2022;144071;DE-12973;1;1;134
11/01/2022;144061;DE-12973;7;6;804
11/01/2022;144064;DE-12973;9;8;1.072,00
11/01/2022;144074;DE-12973;11;10;1.340,00
11/01/2022;144044;DE-12973;12;11;1.474,00
11/01/2022;144079;DE-12973;19;18;2.412,00
11/01/2022;144049;DE-12980;6;6;10.758,00
11/01/2022;144084;DE-12980;6;6;10.758,00
11/01/2022;144050;DE-12981;3;3;9.132,00
11/01/2022;144111;DE-12981;4;4;12.176,00
11/01/2022;144046;DE-12981;5;5;15.220,00
11/01/2022;144113;DE-12981;5;5;15.220,00
11/01/2022;144025;DE-12982;6;6;11.922,00
11/01/2022;144108;DE-12982;8;7;13.909,00
11/01/2022;144037;DE-12982;13;12;23.844,00
11/01/2022;144067;DE-12982;14;0;0
11/01/2022;144029;DE-12982;25;23;45.701,00
11/01/2022;144069;DE-12982;30;27;53.649,00
11/01/2022;144078;DE-12982;30;27;53.649,00
11/01/2022;144022;LE-12959;1;1;2.696,00
11/01/2022;144085;LE-12959;2;2;5.392,00
11/01/2022;144063;LE-12959;5;5;13.480,00
11/01/2022;144083;LE-12959;9;8;21.568,00
11/01/2022;144032;LE-12959;10;10;26.960,00
11/01/2022;144059;SA-12961;3;3;4.500,00
11/01/2022;144040;SA-12962;1;1;2.789,00
11/01/2022;144020;SA-12962;9;8;22.312,00
11/01/2022;144114;SA-12962;10;10;27.890,00
11/01/2022;144057;SA-12962;13;12;33.468,00
11/01/2022;144104;SA-12962;26;24;66.936,00
11/01/2022;144098;SA-12963;1;1;2.000,00
11/01/2022;144024;SA-12983;2;2;2.096,00
11/01/2022;144109;SA-12984;2;2;4.224,00
11/01/2022;144105;SA-12984;3;2;4.224,00
11/01/2022;144035;SA-12984;5;5;10.560,00
11/01/2022;144017;SA-12984;6;6;12.672,00
11/01/2022;144033;SA-12984;6;6;12.672,00
12/01/2022;144182;AC-12949;3;2;5.580,00
12/01/2022;144142;AC-12949;3;3;8.370,00
12/01/2022;144216;AC-12949;10;10;27.900,00
12/01/2022;144150;AC-12949;15;14;39.060,00
12/01/2022;144192;AC-12949;20;18;50.220,00
12/01/2022;144166;AC-12950;3;3;9.483,00
12/01/2022;144169;AC-12950;7;6;18.966,00
12/01/2022;144159;AC-12950;8;7;22.127,00
12/01/2022;144201;AC-12952;2;2;9.850,00
12/01/2022;144203;AC-12952;2;2;9.850,00
12/01/2022;144136;AC-12974;2;2;368
12/01/2022;144160;AC-12974;17;16;2.944,00
12/01/2022;144194;AC-12975;4;4;840
12/01/2022;144148;AC-12975;7;6;1.260,00
12/01/2022;144171;AC-12975;10;9;1.890,00
12/01/2022;144187;AC-12976;3;2;514
12/01/2022;144193;AC-12976;3;3;771
12/01/2022;144145;AC-12977;1;1;1.679,00
12/01/2022;144177;AC-12977;3;3;5.037,00
12/01/2022;144190;AC-12978;2;2;1.742,00
12/01/2022;144179;AC-12978;4;4;3.484,00
12/01/2022;144214;AC-12978;5;5;4.355,00
12/01/2022;144140;AP-12964;1;1;750
12/01/2022;144127;AP-12964;2;2;1.500,00
12/01/2022;144134;AP-12964;2;2;1.500,00
12/01/2022;144181;AP-12964;2;2;1.500,00
12/01/2022;144122;AP-12964;3;3;2.250,00
12/01/2022;144186;AP-12964;3;3;2.250,00
12/01/2022;144191;AP-12964;3;3;2.250,00
12/01/2022;144197;DE-12953;3;3;29.760,00
12/01/2022;144176;DE-12954;3;3;9.204,00
12/01/2022;144143;DE-12954;8;7;21.476,00
12/01/2022;144126;DE-12954;10;10;30.680,00
12/01/2022;144200;DE-12954;10;10;30.680,00
12/01/2022;144185;DE-12954;28;26;79.768,00
12/01/2022;144170;DE-12955;6;6;27.510,00
12/01/2022;144153;DE-12956;2;2;7.996,00
12/01/2022;144206;DE-12956;3;2;7.996,00
